{"roc_auc_score": 0.5066838070577556, "roc_threshold": 0.09874999999999998, "f1_score": 0.6258371381786992}